title,company,location,apply_link
Senior Python/Django Fullstack Developer (m/f/d) - On-site or Remote,social sweethearts® GmbH,"München, Deutschland",https://stackoverflow.com/jobs/566738
"Front-End (Vue.js) Developer, REMOTE",Pentalog,No office location,https://stackoverflow.com/jobs/566583
Software Developer Vue.js (m/f/d),shopware AG,"Schöppingen, Deutschland",https://stackoverflow.com/jobs/549078
Vue.js Developer (Remote),X-Team,No office location,https://stackoverflow.com/jobs/534462
Senior Frontend Engineer | Vue,Everli,No office location,https://stackoverflow.com/jobs/566063
Fullstack Professional with PHP/Symfony 4 & vue.js experience,roadsurfer GmbH,"München, Deutschland",https://stackoverflow.com/jobs/497587
Senior Full Stack Developer - PHP and VueJS (f/m/d),CA Customer Alliance GmbH,No office location,https://stackoverflow.com/jobs/528320
DevOps Engineer,Sytac IT Consulting,"Haarlem, Netherlands",https://stackoverflow.com/jobs/534200
Data Engineer,Sytac IT Consulting,"Amsterdam, Netherlands",https://stackoverflow.com/jobs/431625
Front-End Developer,Cognitive Space,"Houston, TX",https://stackoverflow.com/jobs/566089
Python/Django Developer (m/f/d),social sweethearts® GmbH,No office location,https://stackoverflow.com/jobs/566615
"Full Stack Software Engineer, Business Integrity",ByteDance,Singapore,https://stackoverflow.com/jobs/553099
Frontend Web Developer (m/w/d),EyeC GmbH,"Hamburg, Deutschland",https://stackoverflow.com/jobs/408135
Softwareentwickler / Software Developer (m/w/d) Java Mobility as a Service,INIT Group,"Karlsruhe, Deutschland",https://stackoverflow.com/jobs/566056
Full Stack Developer Mobile Gaming (m/w/d),Lotum GmbH,"Bad Nauheim, Deutschland",https://stackoverflow.com/jobs/372990
"Frontend Software Engineer, Business Integrity",ByteDance,Singapore,https://stackoverflow.com/jobs/553035
Senior Softwareentwickler / Programmierer – IT / AWS / Java (m/w/d),codefortynine GmbH,"Karlsruhe, Deutschland",https://stackoverflow.com/jobs/566217
Software Developer Frontend / fullstack (all genders),meteocontrol GmbH,"Augsburg, Deutschland",https://stackoverflow.com/jobs/566507
Full-Stack Software Engineer,Captivation Software,"Fort Meade, MD",https://stackoverflow.com/jobs/525427
Full Stack Web Developer (m/w/d),EyeC GmbH,"Hamburg, Deutschland",https://stackoverflow.com/jobs/408137
"full-stack web developer (node.js, typescript)",code d'azur,"Amsterdam, Netherlands",https://stackoverflow.com/jobs/522428
Senior Software Engineer,Enovational,"Washington, DC",https://stackoverflow.com/jobs/420640
REMOTE Techlead / Principal Engineer Node.js @Global Culture Platform (m/f/x),"AVANTGARDE - ""Creating Fans""",No office location,https://stackoverflow.com/jobs/538107
Sr. Full Stack Engineer- Python,AutoTrader,"Toronto, ON, Canada",https://stackoverflow.com/jobs/529021
(Senior) Backend Developer - node.js (Jede*r),tarent solutions GmbH,"Bonn, Deutschland",https://stackoverflow.com/jobs/538095
Frontend Developer / Headless Expert,Magnolia International Ltd.,No office location,https://stackoverflow.com/jobs/525573
Backend Software Engineer - Python,Hubs,"Amsterdam, Netherlands",https://stackoverflow.com/jobs/543394
Front End Software Engineer – HPC Products,DUG Technology,"West Perth, Australia",https://stackoverflow.com/jobs/528137
Web Developer - Apps Team,Esri,"Portland, ME",https://stackoverflow.com/jobs/566045
Front-End Software Engineer,HENNGE K.K.,"Tokyo, Japan",https://stackoverflow.com/jobs/381280
Software Architect & Lead (.NET Web Projects; Fully Remote),BlueModus,No office location,https://stackoverflow.com/jobs/566693
"Frontend Software Engineer, Customer Service Platform",ByteDance,Singapore,https://stackoverflow.com/jobs/541573
Fullstack Web-Entwickler PHP/React (m/w/d) für E-Commerce Agentur aus Bremen,hmmh multimediahaus AG,No office location,https://stackoverflow.com/jobs/526714
Frontend Developer (f/m/d),Trusted Shops GmbH,"Köln, Deutschland",https://stackoverflow.com/jobs/566081
Software-Entwickler (w/m/d),CASERIS GmbH,"Stolberg, Deutschland",https://stackoverflow.com/jobs/566118
Web developer,Intel Corporation,"Moscow, Russia",https://stackoverflow.com/jobs/530450
Technical Lead PWA (m/f/d),shopware AG,No office location,https://stackoverflow.com/jobs/541482
Senior Frontend Engineer (Remote),Nebulab,No office location,https://stackoverflow.com/jobs/541099
Software Developer (gn) C# / .NET,SoftwareONE Deutschland GmbH,"Leipzig, Germany",https://stackoverflow.com/jobs/526078
Senior .NET Developer,Lobster Ink Technologies,"Amsterdam, Netherlands",https://stackoverflow.com/jobs/566625
"Frontend Software Entwickler Smart Irrigation, IoT/Garten-Geräte (m/w/d) 100%",Gardena GmbH,"Zürich, Switzerland",https://stackoverflow.com/jobs/531444
Frontend-Web-Developer (m/w/d) heise online,Heise Medien GmbH Co KG,"Hannover, Deutschland",https://stackoverflow.com/jobs/566715
Frontend Developer (m/w/d),RheinEnergie AG,"Köln, Deutschland",https://stackoverflow.com/jobs/506045
Software Full Stack Engineer,Singapore Innovate Pte. Ltd,Singapore,https://stackoverflow.com/jobs/565596
Web Developer (Angular),SUSE,No office location,https://stackoverflow.com/jobs/539503
Senior Web Entwickler (m/w/d),ilum:e informatik AG,No office location,https://stackoverflow.com/jobs/566266
Solution Architect,Enovational,"Washington, DC",https://stackoverflow.com/jobs/420637
Full Stack Software Engineer,Applied,No office location,https://stackoverflow.com/jobs/566095
Senior Web/Mobile Developer (m/w/d),Lotum GmbH,"Frankfurt am Main, Deutschland",https://stackoverflow.com/jobs/372988
Senior Software Engineer - React Native,uShip,"Austin, TX",https://stackoverflow.com/jobs/550764
Front-end Engineer - Working in Japan,LINE Fukuoka,"Fukuoka, Japan",https://stackoverflow.com/jobs/273839
Senior Developer,EVS llc,"Westminster, CO",https://stackoverflow.com/jobs/529103
Senior Java Fullstack Developer: contribute E2E from server side to API & the UI,Mimecast,"London, UK",https://stackoverflow.com/jobs/415192
PHP Entwickler (m/w/d),AraCom IT Services AG,"Augsburg, Deutschland",https://stackoverflow.com/jobs/566712
Solution Architect Web Platforms,ti&m AG,"Zürich, Schweiz",https://stackoverflow.com/jobs/522338
"Lead Polyglot Software Engineers – TDD, XP, JavaScript",Pragmateam,"Sydney, Australia",https://stackoverflow.com/jobs/519292
Senior Frontend Entwickler / Webentwickler / Developer / Webdesigner (m/w/d),weber.digital GmbH,"Balingen, Deutschland",https://stackoverflow.com/jobs/566526
Solution Architect - Prototyping (m/w/d) Tax & Legal Garage,Deloitte Deutschland,"Düsseldorf, Deutschland",https://stackoverflow.com/jobs/534020
Senior Frontend Engineer (React.JS) (m/f/d),Motius GmbH,"Belgrad, Serbien",https://stackoverflow.com/jobs/566602
"Remote Polyglot Software Engineer – TDD, XP, JavaScript",Pragmateam,No office location,https://stackoverflow.com/jobs/523004
PHP Developer,alfaview GmbH,No office location,https://stackoverflow.com/jobs/559394
Senior Frontend Developer (m/w/d) - Experience Design & Mobile,Deloitte Deutschland,"Düsseldorf, Deutschland",https://stackoverflow.com/jobs/533735
Senior Software Engineer .NET (m/w/d),ti&m AG,"Frankfurt am Main, Deutschland",https://stackoverflow.com/jobs/522249
Full Stack Mobile Developer (Flutter) (w/m/d),Lotum GmbH,"Frankfurt am Main, Deutschland",https://stackoverflow.com/jobs/526742
Senior Software Engineer,uShip,"Austin, TX",https://stackoverflow.com/jobs/537938
Web Systems Engineer - HPC Products,DUG Technology,"West Perth, Australia",https://stackoverflow.com/jobs/528138
Technical Lead/Developer (.NET Web Projects; Fully Remote),BlueModus,No office location,https://stackoverflow.com/jobs/566694
Full Stack Engineer,SimpleNexus LLC,No office location,https://stackoverflow.com/jobs/523006
Software Developer (gn) Java,SoftwareONE Deutschland GmbH,"Leipzig, Germany",https://stackoverflow.com/jobs/526079
Senior Webentwickler Javascript – Web E-Commerce (m/w/d),ifm-Unternehmensgruppe,"Essen, Deutschland",https://stackoverflow.com/jobs/566012
Software Development Architect (gn) C# / .NET,SoftwareONE Deutschland GmbH,"Leipzig, Germany",https://stackoverflow.com/jobs/526080
"Développeur .Net (possibilité de télétravail à 100%, partout au Québec)",Grics,"Montréal, QC, Canada",https://stackoverflow.com/jobs/521899
Full Stack Web Developer (m/w/d),Raven51 AG,No office location,https://stackoverflow.com/jobs/566657
Remote Experienced Frontend Engineer - React,"TheoremOne, LLC",No office location,https://stackoverflow.com/jobs/562427
Software Development Architect/Lead Developer (gn) Java,SoftwareONE Deutschland GmbH,"Leipzig, Germany",https://stackoverflow.com/jobs/526082
Senior Software Engineer,Beast Code,"Fort Walton Beach, FL",https://stackoverflow.com/jobs/541115
Senior JavaScript Engineer (Canada Remote),Fullscript,No office location,https://stackoverflow.com/jobs/566672
Experienced Software Engineer,Outschool,No office location,https://stackoverflow.com/jobs/550915
Engineering Manager,NN Group N.V.,"Den Haag, Netherlands",https://stackoverflow.com/jobs/557648
"Développeur C# C++ (possibilité de télétravail à 100%, partout au Québec)",Grics,"Montréal, QC, Canada",https://stackoverflow.com/jobs/521898
Modern Infrastructure and Security Architect - Remote - Vice President -SRE,MUFG,No office location,https://stackoverflow.com/jobs/566303
Modern Infrastructure and Security Architect - Remote,MUFG,No office location,https://stackoverflow.com/jobs/559431
Full Stack Developer,Enovational,"Washington, DC",https://stackoverflow.com/jobs/173771
Senior Software Engineer,SimpleNexus LLC,No office location,https://stackoverflow.com/jobs/523125
Java-Softwareentwickler (w/m/d),parcIT GmbH,"Köln, Deutschland",https://stackoverflow.com/jobs/524114
Software Engineer - Full Stack (Mid-Senior),Olo,No office location,https://stackoverflow.com/jobs/448572
